{"cameraMode":{"drawMode":0,"name":"Shaded","section":"Shading Mode"},"sceneLighting":false,"audioPlay":false,"sceneViewState":{"m_AlwaysRefresh":false,"showFog":true,"showSkybox":false,"showFlares":true,"showImageEffects":true,"showParticleSystems":true,"showVisualEffectGraphs":true,"m_FxEnabled":true},"in2DMode":false,"pivot":{"x":7.280084133148193,"y":0.5245996713638306,"z":-0.42753005027770998},"rotation":{"x":0.12269514799118042,"y":-0.009234718047082425,"z":0.001141984947025776,"w":0.9924073815345764},"size":4.328015327453613,"orthographic":false}