{"cameraMode":{"drawMode":0,"name":"Shaded","section":"Shading Mode"},"sceneLighting":false,"audioPlay":false,"sceneViewState":{"m_AlwaysRefresh":false,"showFog":true,"showSkybox":false,"showFlares":true,"showImageEffects":true,"showParticleSystems":true,"showVisualEffectGraphs":true,"m_FxEnabled":true},"in2DMode":false,"pivot":{"x":5.166302680969238,"y":0.6299999952316284,"z":5.493227958679199},"rotation":{"x":0.20376548171043397,"y":1.5280895127034456e-7,"z":0.0000028370404834276998,"w":0.9790324568748474},"size":0.55901700258255,"orthographic":false}